{
    "mse": 0.4563579805741587,
    "mae": 0.5222489575740906,
    "r2": 0.31720690860860845
}